Golden Sun Chinese Restaurant"3.3"1635 28th St, Boulder, CO 80301, USA"0.6690050389896015
Oriental Cafe"2.8"6201, 1305 Broadway, Boulder, CO 80302, United States"0.5591233701694011
Flower Pepper Restaurant - Authentic Chinese Home Cooking"4.2"2655 Broadway, Boulder, CO 80304, USA"0.930671773345717
Panda Express"3.6"2100 28th St, Boulder, CO 80301, USA"0.7655970401128869
Zoe Ma Ma"4.3"2010 10th St, Boulder, CO 80302, USA"0.9357768672396334
Haoway Chinese Cafe"4"1678 30th St, Boulder, CO 80301, USA"1.1294038398515702
Jin Chan Zhang Restaurant"3.9"2835 28th St, Boulder, CO 80301, USA"0.7149124178873209
Tsing Tao"4"607 S Broadway suite a, Boulder, CO 80305, USA"1.4103171380074182
Pei Wei"3.6"1675 29th St Suite 1284, Boulder, CO 80301, USA"0.8600698136485444
Panda Express"3.4"University Of Colorado, Boulder, CO 80309, USA"0.261459389247428
Kim's Food To Go"3.9"1325 Broadway, Boulder, CO 80302, USA"0.5629646308499086
May Wah"4.3"2500 Baseline Rd, Boulder, CO 80305, USA"0.6191495330678125
China Gourmet"4.3"3970 North Broadway #102, Boulder, CO 80304, USA"0.9613958455477893
Five Spice"3.4"3325 28th St #5, Boulder, CO 80301, USA"0.6947744136814492
You & Mee Noodle House"4"1311 Broadway, Boulder, CO 80302, USA"0.548292426260501
Tibet Kitchen"4.5"2359 Arapahoe Ave, Boulder, CO 80303, USA"0.3879995892746889
Chef King Carry-Out"4"1355 E South Boulder Rd, Louisville, CO 80027, USA"9.940655918317173
Panda Express"3.4"301 Center Dr, Superior, CO 80027, USA"6.957901713350999
Spice China"4"269 McCaslin Blvd, Louisville, CO 80027, USA"7.29113628497831
China Panda Restaurant"4.2"301 Main St #5, Longmont, CO 80501, USA"11.781888944468369
