Jaipur Indian Restaurant"4.2"1214 Walnut St, Boulder, CO 80302, USA"0.6966835652024724
Tiffins India Cafe"4.1"2416 Arapahoe Ave, Boulder, CO 80302, USA"0.44557926579505347
Curry N Kebob"4.5"3050 28th St, Boulder, CO 80301, USA"0.7961182102667929
The Taj - Indian Cuisine"4.4"2630 Baseline Rd, Boulder, CO 80305, USA"0.6405316928429124
Gurkhas On the Hill"4.3"1310 College Ave #230, Boulder, CO 80302, USA"0.516967263893784
Tadka Indian Cuisine"4.8"5290 Arapahoe Ave B, Boulder, CO 80303, USA"2.7348401308454893
Roxie's Tacos"4.7"1135 Broadway, Boulder, CO 80302, USA"0.48972487672238635
Mount Everest Cuisine"4.6"4800 Baseline Rd A-107, Boulder, CO 80303, USA"2.515952148989672
Tandoori Grill"4.5"619 S Broadway, Boulder, CO 80305, USA"1.4511100231153786
Kathmandu Restaurant II"4.3"1964 28th St, Boulder, CO 80301, USA"0.7865904339678743
Sherpa Restaurant"4.5"825 Walnut St, Boulder, CO 80302, USA"1.0659050258792775
Taj Mahal 3 Restaurant & Bar"4.6"1075 E South Boulder Rd #145, Louisville, CO 80027, USA"9.635528102308317
Bawarchi Biryani's"4.2"390 McCaslin Blvd, Louisville, CO 80027, USA"7.430597371106552
Tibet's Restaurant & Bar"4.5"321 McCaslin Blvd A, Louisville, CO 80027, USA"7.29219248283346
Azitra Restaurant"4.4"535 Zang St Suite C, Broomfield, CO 80021, USA"9.46985101316882
Zaika Indian Cuisine"4.3"300 Nickel St #19, Broomfield, CO 80020, USA"12.688571524986388
Gurkhas Restaurant: Restaurants in Longmont"4.6"2347 Clover Basin Dr, Longmont, CO 80503, USA"9.770331153470783
Yak & Yeti Bar and Restaurant"4.3"8659 Sheridan Boulevard, Westminster, CO 80003, USA"15.049780965406525
Dot's Diner"4.3"2716 28th St, Boulder, CO 80301, USA"0.8234560058035378
Biju's Little Curry Shop"4.7"4279 Tennyson St, Denver, CO 80212, USA"16.11348685825382
