Pasta Jay's"4.2"1001 Pearl St, Boulder, CO 80302, USA"0.9288670907251123
D.P. Dough - Boulder (COMING SOON)"3.8"1335 Broadway Unit A, Boulder, CO 80302, USA"0.5712014731401301
Frasca Food and Wine"4.6"1738 Pearl St, Boulder, CO 80302, USA"0.24180033663113878
Via Perla"4.4"901 Pearl St, Boulder, CO 80302, USA"1.0045585429299069
Basta"4.5"3601 Arapahoe Ave, Boulder, CO 80303, USA"1.4213560099263052
Sforno Trattoria Romana"3.9"1308 Pearl St, Boulder, CO 80302, USA"0.6388807119586607
Carelli's"4.4"645 30th St, Boulder, CO 80303, USA"1.131679265139776
II Pastaio Ristorante"4.6"3075 Arapahoe Ave, Boulder, CO 80303, USA"1.1707450408698927
Pizzeria Locale"4.5"1730 Pearl St, Boulder, CO 80302, USA"0.25363934997017146
Gondolier Italian Eatery"4.2"4800 Baseline Rd A104, Boulder, CO 80303, USA"2.5299469842797415
Ado's Kitchen & Bar"4.6"1143 13th St, Boulder, CO 80302, USA"0.5410209712470792
Vero Italian"0"Boulder, CO 80302, USA"0.11682659454632156
Domino's Pizza"3.8"2425 Canyon Blvd Ste B, Boulder, CO 80302, USA"0.5187425163214346
Bacco Trattoria & Mozzarella Bar"4.1"1200 Yarmouth Ave, Boulder, CO 80304, USA"1.1485744569465346
Carrabba's Italian Grill"4.2"575 McCaslin Blvd, Louisville, CO 80027, USA"7.258687980462635
Scalzotto Italian Restaurant Homemade Pasta"4.6"88 Lamar St #110, Broomfield, CO 80020, USA"14.102478601515406
Parma Trattoria & Mozzarella Bar"4.5"1132 W Dillon Rd, Louisville, CO 80027, USA"7.100840172539511
PMG"4.6"2018 10th St, Boulder, CO 80302, USA"0.9389113395470725
Via Toscana"4.5"9432, 356 McCaslin Blvd, Louisville, CO 80027, United States"7.480279428486921
The Twisted Noodle"4.6"15 Ken Pratt Blvd #220, Longmont, CO 80501, USA"12.343149701859646
